"Indicador","Ano","UF","Numerador - Obitos maternos","Numerador - Fator de correçao utilizado","Numerador - Obitos maternos corrigido","Denominador - Nascidos vivos","Fator"
"MRT.2.01",2009,11,17.0,1.5009,25.5159,26083,100000
"MRT.2.01",2009,12,7.0,1.0,7.0,16892,100000
"MRT.2.01",2009,13,67.0,1.2427,83.2622,75729,100000
"MRT.2.01",2009,14,10.0,1.2087,12.0865,9673,100000
"MRT.2.01",2009,15,82.0,1.2774,104.7493,143140,100000
"MRT.2.01",2009,16,4.0,1.343,5.3718,14298,100000
"MRT.2.01",2009,17,22.0,1.0988,24.1729,24911,100000
"MRT.2.01",2009,21,104.0,1.3042,135.6369,123635,100000
"MRT.2.01",2009,22,44.0,1.1598,51.0317,50996,100000
"MRT.2.01",2009,23,87.0,1.0,87.0,131393,100000
"MRT.2.01",2009,24,25.0,1.2355,30.8876,48931,100000
"MRT.2.01",2009,25,33.0,1.1802,38.9452,60021,100000
"MRT.2.01",2009,26,88.0,1.0,88.0,141815,100000
"MRT.2.01",2009,27,19.0,1.0,19.0,55471,100000
"MRT.2.01",2009,28,36.0,1.1564,41.6311,35109,100000
"MRT.2.01",2009,29,195.0,1.1363,221.585,217727,100000
"MRT.2.01",2009,31,109.0,1.2074,131.6081,252676,100000
"MRT.2.01",2009,32,44.0,1.0682,47.0029,51457,100000
"MRT.2.01",2009,33,203.0,1.0,203.0,216625,100000
"MRT.2.01",2009,35,339.0,1.0,339.0,598473,100000
"MRT.2.01",2009,41,107.0,1.0,107.0,149217,100000
"MRT.2.01",2009,42,19.0,1.4136,26.8588,83489,100000
"MRT.2.01",2009,43,75.0,1.1997,89.9769,133652,100000
"MRT.2.01",2009,50,36.0,1.4175,51.0317,40274,100000
"MRT.2.01",2009,51,35.0,1.1895,41.6311,48477,100000
"MRT.2.01",2009,52,41.0,1.0809,44.317,87485,100000
"MRT.2.01",2009,53,24.0,1.231,29.5447,43932,100000
"MRT.2.01",2010,11,16.0,1.3429,21.487,25835,100000
"MRT.2.01",2010,12,6.0,1.3429,8.0576,16495,100000
"MRT.2.01",2010,13,70.0,1.2662,88.634,74188,100000
"MRT.2.01",2010,14,1.0,1.3429,1.3429,9738,100000
"MRT.2.01",2010,15,78.0,1.2569,98.0346,140687,100000
"MRT.2.01",2010,16,3.0,1.3429,4.0288,15008,100000
"MRT.2.01",2010,17,18.0,1.0445,18.8012,24471,100000
"MRT.2.01",2010,21,123.0,1.2993,159.8098,119566,100000
"MRT.2.01",2010,22,47.0,1.3144,61.7752,49424,100000
"MRT.2.01",2010,23,91.0,1.0,91.0,128831,100000
"MRT.2.01",2010,24,16.0,1.0911,17.4582,47668,100000
"MRT.2.01",2010,25,29.0,1.2503,36.2594,58699,100000
"MRT.2.01",2010,26,76.0,1.1132,84.6052,136591,100000
"MRT.2.01",2010,27,32.0,1.259,40.2882,54164,100000
"MRT.2.01",2010,28,23.0,1.051,24.1729,34016,100000
"MRT.2.01",2010,29,161.0,1.1511,185.3256,212201,100000
"MRT.2.01",2010,31,119.0,1.0834,128.9222,255126,100000
"MRT.2.01",2010,32,34.0,1.0,34.0,51853,100000
"MRT.2.01",2010,33,180.0,1.0,180.0,215262,100000
"MRT.2.01",2010,35,271.0,1.0555,286.0461,601352,100000
"MRT.2.01",2010,41,90.0,1.1042,99.3775,152051,100000
"MRT.2.01",2010,42,24.0,1.3429,32.2305,84611,100000
"MRT.2.01",2010,43,79.0,1.2749,100.7205,133243,100000
"MRT.2.01",2010,50,30.0,1.522,45.6599,40132,100000
"MRT.2.01",2010,51,35.0,1.0744,37.6023,48929,100000
"MRT.2.01",2010,52,47.0,1.2858,60.4323,87476,100000
"MRT.2.01",2010,53,20.0,1.3429,26.8588,44251,100000
"MRT.2.01",2011,11,15.0,1.0744,16.1153,27658,100000
"MRT.2.01",2011,12,6.0,1.0,6.0,17817,100000
"MRT.2.01",2011,13,52.0,1.2396,64.4611,76202,100000
"MRT.2.01",2011,14,6.0,1.1191,6.7147,9945,100000
"MRT.2.01",2011,15,85.0,1.2323,104.7493,141974,100000
"MRT.2.01",2011,16,6.0,1.3429,8.0576,15114,100000
"MRT.2.01",2011,17,26.0,1.0847,28.2017,25035,100000
"MRT.2.01",2011,21,105.0,1.2662,132.951,121109,100000
"MRT.2.01",2011,22,45.0,1.1937,53.7176,50144,100000
"MRT.2.01",2011,23,88.0,1.0,88.0,128592,100000
"MRT.2.01",2011,24,33.0,1.0,33.0,48101,100000
"MRT.2.01",2011,25,31.0,1.1697,36.2594,58741,100000
"MRT.2.01",2011,26,79.0,1.02,80.5764,140079,100000
"MRT.2.01",2011,27,28.0,1.295,36.2594,54281,100000
"MRT.2.01",2011,28,29.0,1.0,29.0,34925,100000
"MRT.2.01",2011,29,149.0,1.1627,173.2392,215032,100000
"MRT.2.01",2011,31,95.0,1.1026,104.7493,259863,100000
"MRT.2.01",2011,32,32.0,1.0072,32.2305,53053,100000
"MRT.2.01",2011,33,164.0,1.0,164.0,220603,100000
"MRT.2.01",2011,35,249.0,1.0301,256.5014,610222,100000
"MRT.2.01",2011,41,79.0,1.02,80.5764,152902,100000
"MRT.2.01",2011,42,22.0,1.2209,26.8588,87481,100000
"MRT.2.01",2011,43,67.0,1.2427,83.2622,137710,100000
"MRT.2.01",2011,50,29.0,1.3429,38.9452,42152,100000
"MRT.2.01",2011,51,34.0,1.2639,42.9741,51218,100000
"MRT.2.01",2011,52,37.0,1.2341,45.6599,89742,100000
"MRT.2.01",2011,53,19.0,1.4136,26.8588,43465,100000
"MRT.2.01",2012,11,17.0,1.0,17.0,26513,100000
"MRT.2.01",2012,12,9.0,1.0,9.0,16700,100000
"MRT.2.01",2012,13,50.0,1.3161,65.804,77434,100000
"MRT.2.01",2012,14,4.0,1.0072,4.0288,10601,100000
"MRT.2.01",2012,15,94.0,1.1572,108.7781,137837,100000
"MRT.2.01",2012,16,6.0,1.3429,8.0576,14895,100000
"MRT.2.01",2012,17,13.0,1.0,13.0,24395,100000
"MRT.2.01",2012,21,84.0,1.327,111.464,116039,100000
"MRT.2.01",2012,22,48.0,1.259,60.4323,47962,100000
"MRT.2.01",2012,23,88.0,1.0,88.0,126868,100000
"MRT.2.01",2012,24,31.0,1.0,31.0,46993,100000
"MRT.2.01",2012,25,27.0,1.2932,34.9164,56770,100000
"MRT.2.01",2012,26,73.0,1.0854,79.2334,141382,100000
"MRT.2.01",2012,27,24.0,1.231,29.5447,52510,100000
"MRT.2.01",2012,28,24.0,1.0,24.0,34108,100000
"MRT.2.01",2012,29,147.0,1.0,147.0,209999,100000
"MRT.2.01",2012,31,88.0,1.0835,95.3487,260544,100000
"MRT.2.01",2012,32,34.0,1.0,34.0,52835,100000
"MRT.2.01",2012,33,180.0,1.0,180.0,222859,100000
"MRT.2.01",2012,35,227.0,1.0,227.0,616608,100000
"MRT.2.01",2012,41,59.0,1.0015,59.0893,153945,100000
"MRT.2.01",2012,42,32.0,1.259,40.2882,88772,100000
"MRT.2.01",2012,43,92.0,1.1824,108.7781,138941,100000
"MRT.2.01",2012,50,29.0,1.0651,30.8876,42252,100000
"MRT.2.01",2012,51,30.0,1.0,30.0,51256,100000
"MRT.2.01",2012,52,54.0,1.2186,65.804,93274,100000
"MRT.2.01",2012,53,19.0,1.1309,21.487,43497,100000
"MRT.2.01",2013,11,18.0,1.4175,25.5159,27097,100000
"MRT.2.01",2013,12,10.0,1.0,10.0,17075,100000
"MRT.2.01",2013,13,50.0,1.2892,64.4611,79041,100000
"MRT.2.01",2013,14,6.0,1.3429,8.0576,10814,100000
"MRT.2.01",2013,15,120.0,1.0072,120.8646,139416,100000
"MRT.2.01",2013,16,14.0,1.3429,18.8012,15710,100000
"MRT.2.01",2013,17,14.0,1.0552,14.7723,24119,100000
"MRT.2.01",2013,21,111.0,1.2824,142.3516,115000,100000
"MRT.2.01",2013,22,44.0,1.3735,60.4323,46419,100000
"MRT.2.01",2013,23,93.0,1.0,93.0,124876,100000
"MRT.2.01",2013,24,22.0,1.1598,25.5159,46798,100000
"MRT.2.01",2013,25,40.0,1.0072,40.2882,56854,100000
"MRT.2.01",2013,26,91.0,1.0,91.0,141453,100000
"MRT.2.01",2013,27,31.0,1.213,37.6023,52488,100000
"MRT.2.01",2013,28,23.0,1.0,23.0,34228,100000
"MRT.2.01",2013,29,162.0,1.0113,163.8386,203342,100000
"MRT.2.01",2013,31,123.0,1.0,123.0,258635,100000
"MRT.2.01",2013,32,26.0,1.2396,32.2305,54065,100000
"MRT.2.01",2013,33,180.0,1.0,180.0,224031,100000
"MRT.2.01",2013,35,240.0,1.0,240.0,610896,100000
"MRT.2.01",2013,41,65.0,1.0,65.0,155758,100000
"MRT.2.01",2013,42,26.0,1.0847,28.2017,89875,100000
"MRT.2.01",2013,43,44.0,1.0988,48.3458,141350,100000
"MRT.2.01",2013,50,22.0,1.2819,28.2017,42296,100000
"MRT.2.01",2013,51,38.0,1.0,38.0,53039,100000
"MRT.2.01",2013,52,49.0,1.0963,53.7176,94822,100000
"MRT.2.01",2013,53,24.0,1.1191,26.8588,44530,100000
"MRT.2.01",2014,11,22.0,1.0988,24.1729,27560,100000
"MRT.2.01",2014,12,8.0,1.0,8.0,17139,100000
"MRT.2.01",2014,13,78.0,1.2569,98.0346,81145,100000
"MRT.2.01",2014,14,5.0,1.3429,6.7147,11120,100000
"MRT.2.01",2014,15,117.0,1.1822,138.3228,143503,100000
"MRT.2.01",2014,16,8.0,1.3429,10.7435,16271,100000
"MRT.2.01",2014,17,15.0,1.0,15.0,24944,100000
"MRT.2.01",2014,21,93.0,1.2707,118.1787,117071,100000
"MRT.2.01",2014,22,33.0,1.2615,41.6311,47941,100000
"MRT.2.01",2014,23,84.0,1.0,84.0,128681,100000
"MRT.2.01",2014,24,36.0,1.0,36.0,48111,100000
"MRT.2.01",2014,25,31.0,1.1697,36.2594,57535,100000
"MRT.2.01",2014,26,91.0,1.0,91.0,143489,100000
"MRT.2.01",2014,27,54.0,1.0,54.0,51859,100000
"MRT.2.01",2014,28,23.0,1.0,23.0,34369,100000
"MRT.2.01",2014,29,149.0,1.1086,165.1816,204034,100000
"MRT.2.01",2014,31,131.0,1.0,131.0,267130,100000
"MRT.2.01",2014,32,50.0,1.2355,61.7752,56548,100000
"MRT.2.01",2014,33,166.0,1.0112,167.8674,233584,100000
"MRT.2.01",2014,35,263.0,1.0519,276.6455,625687,100000
"MRT.2.01",2014,41,66.0,1.0,66.0,159915,100000
"MRT.2.01",2014,42,24.0,1.1751,28.2017,93232,100000
"MRT.2.01",2014,43,59.0,1.2064,71.1758,143315,100000
"MRT.2.01",2014,50,26.0,1.3429,34.9164,44058,100000
"MRT.2.01",2014,51,36.0,1.0,36.0,56499,100000
"MRT.2.01",2014,52,51.0,1.0533,53.7176,99798,100000
"MRT.2.01",2014,53,20.0,1.1415,22.83,44721,100000
"MRT.2.01",2015,11,14.0,1.1511,16.1153,27918,100000
"MRT.2.01",2015,12,10.0,1.0,10.0,16980,100000
"MRT.2.01",2015,13,52.0,1.2138,63.1182,80097,100000
"MRT.2.01",2015,14,11.0,1.0,11.0,11412,100000
"MRT.2.01",2015,15,95.0,1.1026,104.7493,143657,100000
"MRT.2.01",2015,16,13.0,1.3429,17.4582,15750,100000
"MRT.2.01",2015,17,19.0,1.1309,21.487,25110,100000
"MRT.2.01",2015,21,117.0,1.1708,136.9798,117564,100000
"MRT.2.01",2015,22,41.0,1.2447,51.0317,49253,100000
"MRT.2.01",2015,23,65.0,1.0,65.0,132516,100000
"MRT.2.01",2015,24,30.0,1.1191,33.5735,49099,100000
"MRT.2.01",2015,25,38.0,1.2723,48.3458,59089,100000
"MRT.2.01",2015,26,98.0,1.0,98.0,145024,100000
"MRT.2.01",2015,27,30.0,1.0296,30.8876,52257,100000
"MRT.2.01",2015,28,18.0,1.0,18.0,34917,100000
"MRT.2.01",2015,29,143.0,1.0894,155.781,206655,100000
"MRT.2.01",2015,31,125.0,1.0099,126.2363,268305,100000
"MRT.2.01",2015,32,36.0,1.1564,41.6311,56941,100000
"MRT.2.01",2015,33,159.0,1.0,159.0,236960,100000
"MRT.2.01",2015,35,311.0,1.0364,322.3055,634026,100000
"MRT.2.01",2015,41,83.0,1.0032,83.2622,160947,100000
"MRT.2.01",2015,42,30.0,1.0,30.0,97223,100000
"MRT.2.01",2015,43,53.0,1.2162,64.4611,148359,100000
"MRT.2.01",2015,50,31.0,1.2563,38.9452,44142,100000
"MRT.2.01",2015,51,43.0,1.0931,47.0029,56673,100000
"MRT.2.01",2015,52,57.0,1.0,57.0,100672,100000
"MRT.2.01",2015,53,16.0,1.259,20.1441,46122,100000
"MRT.2.01",2016,11,15.0,1.0,15.0,26602,100000
"MRT.2.01",2016,12,9.0,1.2222,11.0,15773,100000
"MRT.2.01",2016,13,55.0,1.1818,65.0,76703,100000
"MRT.2.01",2016,14,6.0,1.0,6.0,11376,100000
"MRT.2.01",2016,15,103.0,1.1553,119.0,137681,100000
"MRT.2.01",2016,16,17.0,1.2941,22.0,15521,100000
"MRT.2.01",2016,17,18.0,1.2222,22.0,23870,100000
"MRT.2.01",2016,21,110.0,1.2273,135.0,110493,100000
"MRT.2.01",2016,22,38.0,1.3421,51.0,46986,100000
"MRT.2.01",2016,23,74.0,1.0811,80.0,126246,100000
"MRT.2.01",2016,24,31.0,1.129,35.0,45366,100000
"MRT.2.01",2016,25,49.0,1.1429,56.0,56083,100000
"MRT.2.01",2016,26,71.0,1.0704,76.0,130733,100000
"MRT.2.01",2016,27,25.0,1.0,25.0,48164,100000
"MRT.2.01",2016,28,18.0,1.0,18.0,32218,100000
"MRT.2.01",2016,29,122.0,1.1885,145.0,199830,100000
"MRT.2.01",2016,31,119.0,1.0,119.0,253520,100000
"MRT.2.01",2016,32,21.0,1.2381,26.0,53413,100000
"MRT.2.01",2016,33,157.0,1.0,157.0,219129,100000
"MRT.2.01",2016,35,308.0,1.0617,327.0,601437,100000
"MRT.2.01",2016,41,73.0,1.0685,78.0,155066,100000
"MRT.2.01",2016,42,29.0,1.0345,30.0,95313,100000
"MRT.2.01",2016,43,55.0,1.1818,65.0,141411,100000
"MRT.2.01",2016,50,28.0,1.2143,34.0,42432,100000
"MRT.2.01",2016,51,42.0,1.0,42.0,53531,100000
"MRT.2.01",2016,52,53.0,1.0189,54.0,95563,100000
"MRT.2.01",2016,53,24.0,1.1667,28.0,43340,100000
"MRT.2.01",2017,11,19.0,1.2632,24.0,27503,100000
"MRT.2.01",2017,12,8.0,1.0,8.0,16358,100000
"MRT.2.01",2017,13,50.0,1.18,59.0,78066,100000
"MRT.2.01",2017,14,6.0,1.1667,7.0,11737,100000
"MRT.2.01",2017,15,129.0,1.155,149.0,138684,100000
"MRT.2.01",2017,16,7.0,1.0,7.0,15399,100000
"MRT.2.01",2017,17,21.0,1.1429,24.0,24935,100000
"MRT.2.01",2017,21,97.0,1.1856,115.0,112985,100000
"MRT.2.01",2017,22,35.0,1.2286,43.0,48551,100000
"MRT.2.01",2017,23,84.0,1.0,84.0,127797,100000
"MRT.2.01",2017,24,35.0,1.0286,36.0,46222,100000
"MRT.2.01",2017,25,36.0,1.0833,39.0,57493,100000
"MRT.2.01",2017,26,84.0,1.0238,86.0,135932,100000
"MRT.2.01",2017,27,16.0,1.1875,19.0,50368,100000
"MRT.2.01",2017,28,17.0,1.1176,19.0,33867,100000
"MRT.2.01",2017,29,134.0,1.1716,157.0,204096,100000
"MRT.2.01",2017,31,118.0,1.0,118.0,260959,100000
"MRT.2.01",2017,32,33.0,1.2121,40.0,55846,100000
"MRT.2.01",2017,33,171.0,1.1053,189.0,223224,100000
"MRT.2.01",2017,35,348.0,1.0661,371.0,611803,100000
"MRT.2.01",2017,41,50.0,1.0,50.0,157701,100000
"MRT.2.01",2017,42,38.0,1.0526,40.0,98335,100000
"MRT.2.01",2017,43,55.0,1.1455,63.0,141568,100000
"MRT.2.01",2017,50,21.0,1.2857,27.0,44747,100000
"MRT.2.01",2017,51,34.0,1.0294,35.0,57271,100000
"MRT.2.01",2017,52,51.0,1.0784,55.0,97520,100000
"MRT.2.01",2017,53,21.0,1.0476,22.0,44568,100000
"MRT.2.01",2018,11,10.0,1.343,13.43,28091,100000
"MRT.2.01",2018,12,9.0,1.0,9.0,16543,100000
"MRT.2.01",2018,13,71.0,1.1917,84.609,78087,100000
"MRT.2.01",2018,14,10.0,1.343,13.43,13344,100000
"MRT.2.01",2018,15,108.0,1.0694,115.498,141819,100000
"MRT.2.01",2018,16,14.0,1.0,14.0,15864,100000
"MRT.2.01",2018,17,8.0,1.0073,8.058,25480,100000
"MRT.2.01",2018,21,92.0,1.1532,106.097,117156,100000
"MRT.2.01",2018,22,42.0,1.2471,52.377,49490,100000
"MRT.2.01",2018,23,90.0,1.0,90.0,131491,100000
"MRT.2.01",2018,24,25.0,1.1281,28.203,48107,100000
"MRT.2.01",2018,25,32.0,1.0,32.0,60205,100000
"MRT.2.01",2018,26,80.0,1.024,81.923,138317,100000
"MRT.2.01",2018,27,26.0,1.0,26.0,52496,100000
"MRT.2.01",2018,28,20.0,1.0073,20.145,34256,100000
"MRT.2.01",2018,29,118.0,1.0585,124.899,205332,100000
"MRT.2.01",2018,31,135.0,1.0,135.0,263640,100000
"MRT.2.01",2018,32,32.0,1.1332,36.261,56721,100000
"MRT.2.01",2018,33,136.0,1.0,136.0,220499,100000
"MRT.2.01",2018,35,303.0,1.0,303.0,606146,100000
"MRT.2.01",2018,41,60.0,1.0,60.0,156201,100000
"MRT.2.01",2018,42,35.0,1.0,35.0,99609,100000
"MRT.2.01",2018,43,51.0,1.106,56.406,140047,100000
"MRT.2.01",2018,50,29.0,1.2967,37.604,44275,100000
"MRT.2.01",2018,51,34.0,1.0,34.0,58649,100000
"MRT.2.01",2018,52,64.0,1.0,64.0,98872,100000
"MRT.2.01",2018,53,24.0,1.0,24.0,44195,100000
"MRT.2.01",2019,11,13.0,1.2397,16.116,27028,100000
"MRT.2.01",2019,12,8.0,1.0,8.0,16280,100000
"MRT.2.01",2019,13,60.0,1.0968,65.807,77622,100000
"MRT.2.01",2019,14,11.0,1.2209,13.43,14620,100000
"MRT.2.01",2019,15,121.0,1.0988,132.957,138341,100000
"MRT.2.01",2019,16,5.0,1.0,5.0,15356,100000
"MRT.2.01",2019,17,15.0,1.1639,17.459,24449,100000
"MRT.2.01",2019,21,85.0,1.0744,91.324,113317,100000
"MRT.2.01",2019,22,41.0,1.1465,47.005,47933,100000
"MRT.2.01",2019,23,75.0,1.0,75.0,129185,100000
"MRT.2.01",2019,24,31.0,1.0,31.0,44031,100000
"MRT.2.01",2019,25,36.0,1.0073,36.261,57701,100000
"MRT.2.01",2019,26,64.0,1.0,64.0,133359,100000
"MRT.2.01",2019,27,29.0,1.0,29.0,49803,100000
"MRT.2.01",2019,28,12.0,1.0,12.0,32697,100000
"MRT.2.01",2019,29,105.0,1.2023,126.242,197249,100000
"MRT.2.01",2019,31,115.0,0.9913,114.0,256892,100000
"MRT.2.01",2019,32,29.0,1.0651,30.889,54925,100000
"MRT.2.01",2019,33,155.0,1.0,155.0,207989,100000
"MRT.2.01",2019,35,283.0,1.025,290.088,583191,100000
"MRT.2.01",2019,41,68.0,1.027,69.836,153469,100000
"MRT.2.01",2019,42,30.0,1.0,30.0,98032,100000
"MRT.2.01",2019,43,49.0,1.0963,53.72,134596,100000
"MRT.2.01",2019,50,22.0,1.282,28.203,43695,100000
"MRT.2.01",2019,51,38.0,1.0,38.0,58852,100000
"MRT.2.01",2019,52,67.0,1.0,67.0,96112,100000
"MRT.2.01",2019,53,9.0,1.0,9.0,42422,100000
"MRT.2.01",2020,11,18.0,1.1192,20.145,25798,100000
"MRT.2.01",2020,12,5.0,1.0,5.0,15142,100000
"MRT.2.01",2020,13,77.0,1.0,77.0,75635,100000
"MRT.2.01",2020,14,20.0,1.0073,20.145,13760,100000
"MRT.2.01",2020,15,132.0,1.0785,142.358,132938,100000
"MRT.2.01",2020,16,15.0,1.0,15.0,14633,100000
"MRT.2.01",2020,17,18.0,1.0446,18.802,23729,100000
"MRT.2.01",2020,21,100.0,1.155,115.498,106079,100000
"MRT.2.01",2020,22,40.0,1.1416,45.662,45229,100000
"MRT.2.01",2020,23,119.0,1.0,119.0,121904,100000
"MRT.2.01",2020,24,34.0,1.0,34.0,43531,100000
"MRT.2.01",2020,25,54.0,1.0197,55.063,56379,100000
"MRT.2.01",2020,26,91.0,1.0,91.0,128481,100000
"MRT.2.01",2020,27,40.0,1.0,40.0,48341,100000
"MRT.2.01",2020,28,31.0,1.0,31.0,31784,100000
"MRT.2.01",2020,29,153.0,1.1499,175.933,188960,100000
"MRT.2.01",2020,31,126.0,1.0,126.0,247198,100000
"MRT.2.01",2020,32,37.0,1.0,37.0,53767,100000
"MRT.2.01",2020,33,190.0,1.0,190.0,199124,100000
"MRT.2.01",2020,35,332.0,1.0,332.0,552310,100000
"MRT.2.01",2020,41,77.0,1.0,77.0,146291,100000
"MRT.2.01",2020,42,31.0,1.0,31.0,97916,100000
"MRT.2.01",2020,43,54.0,1.1689,63.121,130742,100000
"MRT.2.01",2020,50,16.0,1.2591,20.145,41308,100000
"MRT.2.01",2020,51,50.0,1.0475,52.377,57037,100000
"MRT.2.01",2020,52,84.0,1.0,84.0,92768,100000
"MRT.2.01",2020,53,21.0,1.0,21.0,39361,100000
"MRT.2.01",2021,11,42.0,1.1429,48.0,25439,100000
"MRT.2.01",2021,12,15.0,1.0,15.0,15699,100000
"MRT.2.01",2021,13,122.0,1.0,122.0,78454,100000
"MRT.2.01",2021,14,36.0,1.1944,43.0,13901,100000
"MRT.2.01",2021,15,166.0,1.0843,180.0,137129,100000
"MRT.2.01",2021,16,14.0,1.0,14.0,14993,100000
"MRT.2.01",2021,17,43.0,1.2558,54.0,23747,100000
"MRT.2.01",2021,21,146.0,1.1781,172.0,108667,100000
"MRT.2.01",2021,22,59.0,1.2542,74.0,45978,100000
"MRT.2.01",2021,23,129.0,1.0,129.0,120266,100000
"MRT.2.01",2021,24,65.0,1.0,65.0,43430,100000
"MRT.2.01",2021,25,71.0,1.0,71.0,56049,100000
"MRT.2.01",2021,26,93.0,1.0,93.0,126211,100000
"MRT.2.01",2021,27,54.0,1.0,54.0,48808,100000
"MRT.2.01",2021,28,26.0,1.0,26.0,31206,100000
"MRT.2.01",2021,29,195.0,1.0103,197.0,185459,100000
"MRT.2.01",2021,31,229.0,1.0,229.0,242136,100000
"MRT.2.01",2021,32,49.0,1.0612,52.0,52493,100000
"MRT.2.01",2021,33,320.0,1.0,320.0,189866,100000
"MRT.2.01",2021,35,457.0,1.0,457.0,525239,100000
"MRT.2.01",2021,41,187.0,1.0,187.0,141976,100000
"MRT.2.01",2021,42,85.0,1.1176,95.0,96499,100000
"MRT.2.01",2021,43,113.0,1.0973,124.0,124446,100000
"MRT.2.01",2021,50,54.0,1.1481,62.0,42173,100000
"MRT.2.01",2021,51,84.0,1.0,84.0,57841,100000
"MRT.2.01",2021,52,140.0,1.0,140.0,90961,100000
"MRT.2.01",2021,53,36.0,1.0,36.0,38035,100000
"MRT.2.01",2022,11,11.0,1.1818,13.0,24901,100000
"MRT.2.01",2022,12,5.0,1.4,7.0,14483,100000
"MRT.2.01",2022,13,53.0,1.1321,60.0,72519,100000
"MRT.2.01",2022,14,19.0,1.1053,21.0,13091,100000
"MRT.2.01",2022,15,99.0,1.0303,102.0,128000,100000
"MRT.2.01",2022,16,11.0,1.0,11.0,13615,100000
"MRT.2.01",2022,17,20.0,1.15,23.0,22549,100000
"MRT.2.01",2022,21,76.0,1.1842,90.0,97964,100000
"MRT.2.01",2022,22,37.0,1.2432,46.0,42247,100000
"MRT.2.01",2022,23,63.0,1.0,63.0,112308,100000
"MRT.2.01",2022,24,27.0,1.1852,32.0,40037,100000
"MRT.2.01",2022,25,23.0,1.0435,24.0,50892,100000
"MRT.2.01",2022,26,54.0,1.0,54.0,117437,100000
"MRT.2.01",2022,27,30.0,1.0,30.0,45742,100000
"MRT.2.01",2022,28,28.0,1.0,28.0,28524,100000
"MRT.2.01",2022,29,92.0,1.1957,110.0,173824,100000
"MRT.2.01",2022,31,110.0,1.0,110.0,235063,100000
"MRT.2.01",2022,32,27.0,1.037,28.0,51729,100000
"MRT.2.01",2022,33,125.0,1.0,125.0,180369,100000
"MRT.2.01",2022,35,207.0,1.1111,230.0,512520,100000
"MRT.2.01",2022,41,60.0,1.1,66.0,140637,100000
"MRT.2.01",2022,42,29.0,1.069,31.0,98202,100000
"MRT.2.01",2022,43,46.0,1.0217,47.0,120942,100000
"MRT.2.01",2022,50,23.0,1.3043,30.0,40485,100000
"MRT.2.01",2022,51,29.0,1.0,29.0,58169,100000
"MRT.2.01",2022,52,53.0,1.0,53.0,89745,100000
"MRT.2.01",2022,53,13.0,1.2308,16.0,35928,100000
"MRT.2.01",2023,11,9.0,1.3333,12.0,23921,100000
"MRT.2.01",2023,12,6.0,1.3333,8.0,14473,100000
"MRT.2.01",2023,13,62.0,1.0,62.0,70453,100000
"MRT.2.01",2023,14,16.0,1.0625,17.0,13105,100000
"MRT.2.01",2023,15,83.0,1.1807,98.0,126152,100000
"MRT.2.01",2023,16,12.0,1.0,12.0,12948,100000
"MRT.2.01",2023,17,14.0,1.3571,19.0,23145,100000
"MRT.2.01",2023,21,84.0,1.131,95.0,97205,100000
"MRT.2.01",2023,22,23.0,1.087,25.0,42144,100000
"MRT.2.01",2023,23,51.0,1.0,51.0,111091,100000
"MRT.2.01",2023,24,22.0,1.0,22.0,39440,100000
"MRT.2.01",2023,25,29.0,1.0,29.0,51531,100000
"MRT.2.01",2023,26,62.0,1.1452,71.0,116175,100000
"MRT.2.01",2023,27,32.0,1.0,32.0,46543,100000
"MRT.2.01",2023,28,12.0,1.0,12.0,29005,100000
"MRT.2.01",2023,29,98.0,1.1327,111.0,170314,100000
"MRT.2.01",2023,31,98.0,1.0,98.0,233918,100000
"MRT.2.01",2023,32,18.0,1.1667,21.0,52187,100000
"MRT.2.01",2023,33,129.0,1.0,129.0,176145,100000
"MRT.2.01",2023,35,212.0,1.0189,216.0,503910,100000
"MRT.2.01",2023,41,61.0,1.0328,63.0,139836,100000
"MRT.2.01",2023,42,29.0,1.1034,32.0,96802,100000
"MRT.2.01",2023,43,41.0,1.0,41.0,120974,100000
"MRT.2.01",2023,50,22.0,1.1364,25.0,40233,100000
"MRT.2.01",2023,51,39.0,1.0,39.0,58553,100000
"MRT.2.01",2023,52,48.0,1.0,48.0,91822,100000
"MRT.2.01",2023,53,13.0,1.1538,15.0,35551,100000
